Precision_mean,Precision_stddev,Recall_mean,Recall_stddev,F1_mean,F1_stddev
0.7617496919556416,0.19765549957055906,0.21125898730304424,0.2896877761077946,0.19636304134965188,0.25973637503607905
