Precision_mean,Precision_stddev,Recall_mean,Recall_stddev,F1_mean,F1_stddev
0.831803846183021,0.2202225855275805,0.5621844882973841,0.18594192523779648,0.613974704286075,0.08063025744674986
