Precision_mean,Precision_stddev,Recall_mean,Recall_stddev,F1_mean,F1_stddev
0.842675083400532,0.20280140596262844,0.5311304879914333,0.1522050360973451,0.6074383258175593,0.021951552500119837
